{
  "QCustomSlideMenu": [{
      "name":"side_menu",
      "defaultSize": [{
          "width": 150,
          "height": "auto"
      }],
      "collapsedSize": [{
          "width":0,
          "height":"auto"
      }],
      "expandedSize": [{
          "width":150,
          "height":"auto"
      }],
      "toggleButton": [{
          "buttonName": "MENU",
          "icons": [{
              "whenMenuIsCollapsed": "icons/menu.svg",
              "whenMenuIsExpanded": "icons/arrow-left.svg"
          }]
      }],
      "menuTransitionAnimation": [{
          "animationDuration":2000,
          "animationEasingCurve":"OutBack"
      }]

  }]
}